STATION,NAME,DATE,TAVG,TMAX,TMIN,TOBS
USC00308946,"WANTAGH CEDAR CREEK, NY US",2007-12-01,,39,27,
USC00308946,"WANTAGH CEDAR CREEK, NY US",2007-12-02,,46,24,
USC00308946,"WANTAGH CEDAR CREEK, NY US",2007-12-03,,51,34,
USC00308946,"WANTAGH CEDAR CREEK, NY US",2007-12-04,,36,31,
USC00308946,"WANTAGH CEDAR CREEK, NY US",2007-12-05,,34,29,
USC00308946,"WANTAGH CEDAR CREEK, NY US",2007-12-06,,35,23,
USC00308946,"WANTAGH CEDAR CREEK, NY US",2007-12-07,,37,22,
USC00308946,"WANTAGH CEDAR CREEK, NY US",2007-12-08,,46,32,
USC00308946,"WANTAGH CEDAR CREEK, NY US",2007-12-09,,39,32,
USC00308946,"WANTAGH CEDAR CREEK, NY US",2007-12-10,,41,37,
USC00308946,"WANTAGH CEDAR CREEK, NY US",2007-12-11,,43,33,
USC00308946,"WANTAGH CEDAR CREEK, NY US",2007-12-12,,52,33,
USC00308946,"WANTAGH CEDAR CREEK, NY US",2007-12-13,,36,32,
USC00308946,"WANTAGH CEDAR CREEK, NY US",2007-12-14,,45,31,
USC00308946,"WANTAGH CEDAR CREEK, NY US",2007-12-15,,35,31,
USC00308946,"WANTAGH CEDAR CREEK, NY US",2007-12-16,,40,33,
USC00308946,"WANTAGH CEDAR CREEK, NY US",2007-12-17,,35,29,
USC00308946,"WANTAGH CEDAR CREEK, NY US",2007-12-18,,38,27,
USC00308946,"WANTAGH CEDAR CREEK, NY US",2007-12-19,,44,31,
USC00308946,"WANTAGH CEDAR CREEK, NY US",2007-12-20,,47,34,
USC00308946,"WANTAGH CEDAR CREEK, NY US",2007-12-21,,45,34,
USC00308946,"WANTAGH CEDAR CREEK, NY US",2007-12-22,,44,35,
USC00308946,"WANTAGH CEDAR CREEK, NY US",2007-12-23,,55,42,
USC00308946,"WANTAGH CEDAR CREEK, NY US",2007-12-24,,51,38,
USC00308946,"WANTAGH CEDAR CREEK, NY US",2007-12-25,,46,30,
USC00308946,"WANTAGH CEDAR CREEK, NY US",2007-12-26,,39,28,
USC00308946,"WANTAGH CEDAR CREEK, NY US",2007-12-27,,41,37,
USC00308946,"WANTAGH CEDAR CREEK, NY US",2007-12-28,,51,37,
USC00308946,"WANTAGH CEDAR CREEK, NY US",2007-12-29,,52,38,
USC00308946,"WANTAGH CEDAR CREEK, NY US",2007-12-30,,42,32,
USC00308946,"WANTAGH CEDAR CREEK, NY US",2007-12-31,,46,31,
USC00282768,"ESSEX FELLS SERV BUILDING, NJ US",2007-12-01,,41,28,28
USC00282768,"ESSEX FELLS SERV BUILDING, NJ US",2007-12-02,,34,18,18
USC00282768,"ESSEX FELLS SERV BUILDING, NJ US",2007-12-04,,45,28,29
USC00282768,"ESSEX FELLS SERV BUILDING, NJ US",2007-12-05,,45,21,23
USC00282768,"ESSEX FELLS SERV BUILDING, NJ US",2007-12-06,,30,16,16
USC00282768,"ESSEX FELLS SERV BUILDING, NJ US",2007-12-07,,35,16,21
USC00282768,"ESSEX FELLS SERV BUILDING, NJ US",2007-12-08,,30,21,30
USC00282768,"ESSEX FELLS SERV BUILDING, NJ US",2007-12-09,,42,28,32
USC00282768,"ESSEX FELLS SERV BUILDING, NJ US",2007-12-10,,36,32,34
USC00282768,"ESSEX FELLS SERV BUILDING, NJ US",2007-12-11,,39,32,32
USC00282768,"ESSEX FELLS SERV BUILDING, NJ US",2007-12-12,,49,31,49
USC00282768,"ESSEX FELLS SERV BUILDING, NJ US",2007-12-13,,49,30,32
USC00282768,"ESSEX FELLS SERV BUILDING, NJ US",2007-12-14,,34,28,29
USC00282768,"ESSEX FELLS SERV BUILDING, NJ US",2007-12-15,,39,25,26
USC00282768,"ESSEX FELLS SERV BUILDING, NJ US",2007-12-16,,31,24,27
USC00282768,"ESSEX FELLS SERV BUILDING, NJ US",2007-12-17,,34,24,25
USC00282768,"ESSEX FELLS SERV BUILDING, NJ US",2007-12-18,,32,24,24
USC00282768,"ESSEX FELLS SERV BUILDING, NJ US",2007-12-19,,37,24,28
USC00282768,"ESSEX FELLS SERV BUILDING, NJ US",2007-12-20,,42,28,31
USC00282768,"ESSEX FELLS SERV BUILDING, NJ US",2007-12-21,,40,30,34
USC00282768,"ESSEX FELLS SERV BUILDING, NJ US",2007-12-22,,37,32,33
USC00282768,"ESSEX FELLS SERV BUILDING, NJ US",2007-12-23,,,,
USC00282768,"ESSEX FELLS SERV BUILDING, NJ US",2007-12-24,,61,35,35
USC00282768,"ESSEX FELLS SERV BUILDING, NJ US",2007-12-25,,44,30,31
USC00282768,"ESSEX FELLS SERV BUILDING, NJ US",2007-12-26,,43,26,27
USC00282768,"ESSEX FELLS SERV BUILDING, NJ US",2007-12-27,,36,27,34
USC00282768,"ESSEX FELLS SERV BUILDING, NJ US",2007-12-28,,40,34,36
USC00282768,"ESSEX FELLS SERV BUILDING, NJ US",2007-12-29,,47,33,43
USC00282768,"ESSEX FELLS SERV BUILDING, NJ US",2007-12-31,,39,29,33
USC00282023,"CRANFORD, NJ US",2007-12-01,,44,28,32
USC00282023,"CRANFORD, NJ US",2007-12-02,,37,20,21
USC00282023,"CRANFORD, NJ US",2007-12-03,,40,21,38
USC00282023,"CRANFORD, NJ US",2007-12-04,,50,29,30
USC00282023,"CRANFORD, NJ US",2007-12-05,,37,20,24
USC00282023,"CRANFORD, NJ US",2007-12-06,,34,17,20
USC00282023,"CRANFORD, NJ US",2007-12-07,,35,17,22
USC00282023,"CRANFORD, NJ US",2007-12-08,,38,22,36
USC00282023,"CRANFORD, NJ US",2007-12-09,,48,26,35
USC00282023,"CRANFORD, NJ US",2007-12-10,,39,33,35
USC00282023,"CRANFORD, NJ US",2007-12-11,,43,35,35
USC00282023,"CRANFORD, NJ US",2007-12-12,,51,35,50
USC00282023,"CRANFORD, NJ US",2007-12-13,,51,29,34
USC00282023,"CRANFORD, NJ US",2007-12-14,,37,29,31
USC00282023,"CRANFORD, NJ US",2007-12-15,,41,26,30
USC00282023,"CRANFORD, NJ US",2007-12-16,,35,25,33
USC00282023,"CRANFORD, NJ US",2007-12-17,,37,24,26
USC00282023,"CRANFORD, NJ US",2007-12-18,,35,21,23
USC00282023,"CRANFORD, NJ US",2007-12-19,,39,23,27
USC00282023,"CRANFORD, NJ US",2007-12-20,,44,27,33
USC00282023,"CRANFORD, NJ US",2007-12-21,,46,30,35
USC00282023,"CRANFORD, NJ US",2007-12-22,,40,34,35
USC00282023,"CRANFORD, NJ US",2007-12-23,,47,35,46
USC00282023,"CRANFORD, NJ US",2007-12-24,,62,29,31
USC00282023,"CRANFORD, NJ US",2007-12-25,,48,28,39
USC00282023,"CRANFORD, NJ US",2007-12-26,,47,23,27
USC00282023,"CRANFORD, NJ US",2007-12-27,,38,26,35
USC00282023,"CRANFORD, NJ US",2007-12-28,,41,30,30
USC00282023,"CRANFORD, NJ US",2007-12-29,,51,31,48
USC00282023,"CRANFORD, NJ US",2007-12-30,,51,26,32
USC00282023,"CRANFORD, NJ US",2007-12-31,,42,31,31
USW00014732,"LAGUARDIA AIRPORT, NY US",2007-12-01,,42,26,
USW00014732,"LAGUARDIA AIRPORT, NY US",2007-12-02,,38,21,
USW00014732,"LAGUARDIA AIRPORT, NY US",2007-12-03,,49,34,
USW00014732,"LAGUARDIA AIRPORT, NY US",2007-12-04,,35,30,
USW00014732,"LAGUARDIA AIRPORT, NY US",2007-12-05,,34,29,
USW00014732,"LAGUARDIA AIRPORT, NY US",2007-12-06,,37,23,
USW00014732,"LAGUARDIA AIRPORT, NY US",2007-12-07,,36,29,
USW00014732,"LAGUARDIA AIRPORT, NY US",2007-12-08,,45,35,
USW00014732,"LAGUARDIA AIRPORT, NY US",2007-12-09,,41,36,
USW00014732,"LAGUARDIA AIRPORT, NY US",2007-12-10,,43,37,
USW00014732,"LAGUARDIA AIRPORT, NY US",2007-12-11,,46,36,
USW00014732,"LAGUARDIA AIRPORT, NY US",2007-12-12,,54,37,
USW00014732,"LAGUARDIA AIRPORT, NY US",2007-12-13,,38,30,
USW00014732,"LAGUARDIA AIRPORT, NY US",2007-12-14,,45,32,
USW00014732,"LAGUARDIA AIRPORT, NY US",2007-12-15,,38,30,
USW00014732,"LAGUARDIA AIRPORT, NY US",2007-12-16,,40,31,
USW00014732,"LAGUARDIA AIRPORT, NY US",2007-12-17,,35,27,
USW00014732,"LAGUARDIA AIRPORT, NY US",2007-12-18,,38,31,
USW00014732,"LAGUARDIA AIRPORT, NY US",2007-12-19,,47,35,
USW00014732,"LAGUARDIA AIRPORT, NY US",2007-12-20,,45,38,
USW00014732,"LAGUARDIA AIRPORT, NY US",2007-12-21,,42,36,
USW00014732,"LAGUARDIA AIRPORT, NY US",2007-12-22,,42,36,
USW00014732,"LAGUARDIA AIRPORT, NY US",2007-12-23,,62,41,
USW00014732,"LAGUARDIA AIRPORT, NY US",2007-12-24,,52,39,
USW00014732,"LAGUARDIA AIRPORT, NY US",2007-12-25,,44,38,
USW00014732,"LAGUARDIA AIRPORT, NY US",2007-12-26,,41,34,
USW00014732,"LAGUARDIA AIRPORT, NY US",2007-12-27,,46,37,
USW00014732,"LAGUARDIA AIRPORT, NY US",2007-12-28,,50,43,
USW00014732,"LAGUARDIA AIRPORT, NY US",2007-12-29,,53,43,
USW00014732,"LAGUARDIA AIRPORT, NY US",2007-12-30,,44,37,
USW00014732,"LAGUARDIA AIRPORT, NY US",2007-12-31,,46,36,
US1NYNS0001,"BETHPAGE 0.9 NNW, NY US",2007-12-01,,,,
US1NYNS0001,"BETHPAGE 0.9 NNW, NY US",2007-12-02,,,,
US1NYNS0001,"BETHPAGE 0.9 NNW, NY US",2007-12-03,,,,
US1NYNS0001,"BETHPAGE 0.9 NNW, NY US",2007-12-04,,,,
US1NYNS0001,"BETHPAGE 0.9 NNW, NY US",2007-12-05,,,,
US1NYNS0001,"BETHPAGE 0.9 NNW, NY US",2007-12-09,,,,
US1NYNS0001,"BETHPAGE 0.9 NNW, NY US",2007-12-10,,,,
US1NYNS0001,"BETHPAGE 0.9 NNW, NY US",2007-12-11,,,,
US1NYNS0001,"BETHPAGE 0.9 NNW, NY US",2007-12-14,,,,
US1NYNS0001,"BETHPAGE 0.9 NNW, NY US",2007-12-16,,,,
US1NYNS0001,"BETHPAGE 0.9 NNW, NY US",2007-12-20,,,,
US1NYNS0001,"BETHPAGE 0.9 NNW, NY US",2007-12-21,,,,
US1NYNS0001,"BETHPAGE 0.9 NNW, NY US",2007-12-24,,,,
US1NYNS0001,"BETHPAGE 0.9 NNW, NY US",2007-12-27,,,,
US1NYNS0001,"BETHPAGE 0.9 NNW, NY US",2007-12-28,,,,
US1NYNS0001,"BETHPAGE 0.9 NNW, NY US",2007-12-29,,,,
US1NYNS0001,"BETHPAGE 0.9 NNW, NY US",2007-12-30,,,,
US1NYNS0001,"BETHPAGE 0.9 NNW, NY US",2007-12-31,,,,
USW00014734,"NEWARK LIBERTY INTERNATIONAL AIRPORT, NJ US",2007-12-01,,36,26,
USW00014734,"NEWARK LIBERTY INTERNATIONAL AIRPORT, NJ US",2007-12-02,,32,20,
USW00014734,"NEWARK LIBERTY INTERNATIONAL AIRPORT, NJ US",2007-12-03,,50,32,
USW00014734,"NEWARK LIBERTY INTERNATIONAL AIRPORT, NJ US",2007-12-04,,36,28,
USW00014734,"NEWARK LIBERTY INTERNATIONAL AIRPORT, NJ US",2007-12-05,,34,23,
USW00014734,"NEWARK LIBERTY INTERNATIONAL AIRPORT, NJ US",2007-12-06,,35,21,
USW00014734,"NEWARK LIBERTY INTERNATIONAL AIRPORT, NJ US",2007-12-07,,34,22,
USW00014734,"NEWARK LIBERTY INTERNATIONAL AIRPORT, NJ US",2007-12-08,,47,33,
USW00014734,"NEWARK LIBERTY INTERNATIONAL AIRPORT, NJ US",2007-12-09,,40,34,
USW00014734,"NEWARK LIBERTY INTERNATIONAL AIRPORT, NJ US",2007-12-10,,43,35,
USW00014734,"NEWARK LIBERTY INTERNATIONAL AIRPORT, NJ US",2007-12-11,,45,35,
USW00014734,"NEWARK LIBERTY INTERNATIONAL AIRPORT, NJ US",2007-12-12,,53,35,
USW00014734,"NEWARK LIBERTY INTERNATIONAL AIRPORT, NJ US",2007-12-13,,37,30,
USW00014734,"NEWARK LIBERTY INTERNATIONAL AIRPORT, NJ US",2007-12-14,,43,31,
USW00014734,"NEWARK LIBERTY INTERNATIONAL AIRPORT, NJ US",2007-12-15,,36,29,
USW00014734,"NEWARK LIBERTY INTERNATIONAL AIRPORT, NJ US",2007-12-16,,39,27,
USW00014734,"NEWARK LIBERTY INTERNATIONAL AIRPORT, NJ US",2007-12-17,,35,27,
USW00014734,"NEWARK LIBERTY INTERNATIONAL AIRPORT, NJ US",2007-12-18,,37,25,
USW00014734,"NEWARK LIBERTY INTERNATIONAL AIRPORT, NJ US",2007-12-19,,44,29,
USW00014734,"NEWARK LIBERTY INTERNATIONAL AIRPORT, NJ US",2007-12-20,,47,35,
USW00014734,"NEWARK LIBERTY INTERNATIONAL AIRPORT, NJ US",2007-12-21,,41,34,
USW00014734,"NEWARK LIBERTY INTERNATIONAL AIRPORT, NJ US",2007-12-22,,41,36,
USW00014734,"NEWARK LIBERTY INTERNATIONAL AIRPORT, NJ US",2007-12-23,,62,39,
USW00014734,"NEWARK LIBERTY INTERNATIONAL AIRPORT, NJ US",2007-12-24,,49,33,
USW00014734,"NEWARK LIBERTY INTERNATIONAL AIRPORT, NJ US",2007-12-25,,46,32,
USW00014734,"NEWARK LIBERTY INTERNATIONAL AIRPORT, NJ US",2007-12-26,,38,29,
USW00014734,"NEWARK LIBERTY INTERNATIONAL AIRPORT, NJ US",2007-12-27,,42,36,
USW00014734,"NEWARK LIBERTY INTERNATIONAL AIRPORT, NJ US",2007-12-28,,50,34,
USW00014734,"NEWARK LIBERTY INTERNATIONAL AIRPORT, NJ US",2007-12-29,,52,38,
USW00014734,"NEWARK LIBERTY INTERNATIONAL AIRPORT, NJ US",2007-12-30,,42,31,
USW00014734,"NEWARK LIBERTY INTERNATIONAL AIRPORT, NJ US",2007-12-31,,45,33,
USC00301309,"CENTERPORT, NY US",2007-12-01,,39,23,23
USC00301309,"CENTERPORT, NY US",2007-12-02,,39,19,39
USC00301309,"CENTERPORT, NY US",2007-12-03,,47,33,33
USC00301309,"CENTERPORT, NY US",2007-12-04,,33,26,27
USC00301309,"CENTERPORT, NY US",2007-12-05,,32,26,28
USC00301309,"CENTERPORT, NY US",2007-12-06,,30,21,26
USC00301309,"CENTERPORT, NY US",2007-12-07,,35,24,33
USC00301309,"CENTERPORT, NY US",2007-12-08,,42,32,34
USC00301309,"CENTERPORT, NY US",2007-12-09,,38,31,36
USC00301309,"CENTERPORT, NY US",2007-12-10,,40,36,38
USC00301309,"CENTERPORT, NY US",2007-12-11,,46,30,45
USC00301309,"CENTERPORT, NY US",2007-12-12,,52,34,34
USC00301309,"CENTERPORT, NY US",2007-12-13,,35,29,30
USC00301309,"CENTERPORT, NY US",2007-12-14,,42,29,35
USC00301309,"CENTERPORT, NY US",2007-12-15,,35,27,29
USC00301309,"CENTERPORT, NY US",2007-12-16,,38,29,33
USC00301309,"CENTERPORT, NY US",2007-12-17,,34,23,28
USC00301309,"CENTERPORT, NY US",2007-12-18,,37,26,31
USC00301309,"CENTERPORT, NY US",2007-12-19,,42,29,34
USC00301309,"CENTERPORT, NY US",2007-12-20,,42,32,35
USC00301309,"CENTERPORT, NY US",2007-12-21,,38,33,34
USC00301309,"CENTERPORT, NY US",2007-12-22,,39,33,39
USC00301309,"CENTERPORT, NY US",2007-12-23,,57,39,51
USC00301309,"CENTERPORT, NY US",2007-12-24,,51,36,38
USC00301309,"CENTERPORT, NY US",2007-12-25,,42,31,32
USC00301309,"CENTERPORT, NY US",2007-12-26,,37,29,35
USC00301309,"CENTERPORT, NY US",2007-12-27,,38,35,37
USC00301309,"CENTERPORT, NY US",2007-12-28,,45,37,41
USC00301309,"CENTERPORT, NY US",2007-12-29,,53,38,38
USC00301309,"CENTERPORT, NY US",2007-12-30,,41,32,36
USC00301309,"CENTERPORT, NY US",2007-12-31,,43,34,34
USC00281335,"CANOE BROOK, NJ US",2007-12-01,,44,29,31
USC00281335,"CANOE BROOK, NJ US",2007-12-02,,32,19,22
USC00281335,"CANOE BROOK, NJ US",2007-12-03,,38,20,38
USC00281335,"CANOE BROOK, NJ US",2007-12-04,,48,29,30
USC00281335,"CANOE BROOK, NJ US",2007-12-05,,35,20,25
USC00281335,"CANOE BROOK, NJ US",2007-12-06,,34,19,21
USC00281335,"CANOE BROOK, NJ US",2007-12-07,,36,18,24
USC00281335,"CANOE BROOK, NJ US",2007-12-08,,34,23,34
USC00281335,"CANOE BROOK, NJ US",2007-12-09,,48,25,34
USC00281335,"CANOE BROOK, NJ US",2007-12-10,,38,32,36
USC00281335,"CANOE BROOK, NJ US",2007-12-11,,42,33,34
USC00281335,"CANOE BROOK, NJ US",2007-12-12,,52,32,52
USC00281335,"CANOE BROOK, NJ US",2007-12-13,,52,30,34
USC00281335,"CANOE BROOK, NJ US",2007-12-14,,37,29,32
USC00281335,"CANOE BROOK, NJ US",2007-12-15,,48,26,28
USC00281335,"CANOE BROOK, NJ US",2007-12-16,,33,25,30
USC00281335,"CANOE BROOK, NJ US",2007-12-17,,37,25,26
USC00281335,"CANOE BROOK, NJ US",2007-12-18,,35,25,27
USC00281335,"CANOE BROOK, NJ US",2007-12-19,,39,25,30
USC00281335,"CANOE BROOK, NJ US",2007-12-20,,45,29,32
USC00281335,"CANOE BROOK, NJ US",2007-12-21,,45,29,35
USC00281335,"CANOE BROOK, NJ US",2007-12-22,,39,34,36
USC00281335,"CANOE BROOK, NJ US",2007-12-23,,44,34,42
USC00281335,"CANOE BROOK, NJ US",2007-12-24,,63,33,33
USC00281335,"CANOE BROOK, NJ US",2007-12-25,,46,32,33
USC00281335,"CANOE BROOK, NJ US",2007-12-26,,45,24,26
USC00281335,"CANOE BROOK, NJ US",2007-12-27,,37,26,36
USC00281335,"CANOE BROOK, NJ US",2007-12-28,,41,31,32
USC00281335,"CANOE BROOK, NJ US",2007-12-29,,50,31,45
USC00281335,"CANOE BROOK, NJ US",2007-12-30,,52,26,28
USC00281335,"CANOE BROOK, NJ US",2007-12-31,,40,23,36
USC00287079,"PLAINFIELD, NJ US",2007-12-01,,37,27,
USC00287079,"PLAINFIELD, NJ US",2007-12-02,,31,21,
USC00287079,"PLAINFIELD, NJ US",2007-12-03,,48,27,
USC00287079,"PLAINFIELD, NJ US",2007-12-04,,31,29,
USC00287079,"PLAINFIELD, NJ US",2007-12-05,,,22,
USC00287079,"PLAINFIELD, NJ US",2007-12-06,,36,19,
USC00287079,"PLAINFIELD, NJ US",2007-12-07,,,22,
USC00287079,"PLAINFIELD, NJ US",2007-12-08,,48,19,
USC00287079,"PLAINFIELD, NJ US",2007-12-09,,44,29,
USC00287079,"PLAINFIELD, NJ US",2007-12-10,,40,34,
USC00287079,"PLAINFIELD, NJ US",2007-12-11,,40,36,
USC00287079,"PLAINFIELD, NJ US",2007-12-12,,51,38,
USC00287079,"PLAINFIELD, NJ US",2007-12-13,,38,30,
USC00287079,"PLAINFIELD, NJ US",2007-12-14,,42,31,
USC00287079,"PLAINFIELD, NJ US",2007-12-15,,36,27,
USC00287079,"PLAINFIELD, NJ US",2007-12-16,,37,27,
USC00287079,"PLAINFIELD, NJ US",2007-12-17,,36,27,
USC00287079,"PLAINFIELD, NJ US",2007-12-18,,38,22,
USC00287079,"PLAINFIELD, NJ US",2007-12-19,,45,26,
USC00287079,"PLAINFIELD, NJ US",2007-12-20,,46,35,
USC00287079,"PLAINFIELD, NJ US",2007-12-21,,39,32,
USC00287079,"PLAINFIELD, NJ US",2007-12-22,,38,35,
USC00287079,"PLAINFIELD, NJ US",2007-12-23,,62,37,
USC00287079,"PLAINFIELD, NJ US",2007-12-24,,47,31,
USC00287079,"PLAINFIELD, NJ US",2007-12-25,,47,31,
USC00287079,"PLAINFIELD, NJ US",2007-12-26,,38,25,
USC00287079,"PLAINFIELD, NJ US",2007-12-27,,39,35,
USC00287079,"PLAINFIELD, NJ US",2007-12-28,,51,29,
USC00287079,"PLAINFIELD, NJ US",2007-12-29,,52,41,
USC00287079,"PLAINFIELD, NJ US",2007-12-30,,44,28,
USC00287079,"PLAINFIELD, NJ US",2007-12-31,,45,33,
USC00289832,"WOODCLIFF LAKE, NJ US",2007-12-01,,,,
USC00289832,"WOODCLIFF LAKE, NJ US",2007-12-02,,,,
USC00289832,"WOODCLIFF LAKE, NJ US",2007-12-03,,,,
USC00289832,"WOODCLIFF LAKE, NJ US",2007-12-04,,,,
USC00289832,"WOODCLIFF LAKE, NJ US",2007-12-05,,,,
USC00289832,"WOODCLIFF LAKE, NJ US",2007-12-06,,,,
USC00289832,"WOODCLIFF LAKE, NJ US",2007-12-07,,,,
USC00289832,"WOODCLIFF LAKE, NJ US",2007-12-08,,,,
USC00289832,"WOODCLIFF LAKE, NJ US",2007-12-09,,,,
USC00289832,"WOODCLIFF LAKE, NJ US",2007-12-10,,,,
USC00289832,"WOODCLIFF LAKE, NJ US",2007-12-11,,,,
USC00289832,"WOODCLIFF LAKE, NJ US",2007-12-12,,,,
USC00289832,"WOODCLIFF LAKE, NJ US",2007-12-13,,,,
USC00289832,"WOODCLIFF LAKE, NJ US",2007-12-14,,,,
USC00289832,"WOODCLIFF LAKE, NJ US",2007-12-15,,,,
USC00289832,"WOODCLIFF LAKE, NJ US",2007-12-16,,,,
USC00289832,"WOODCLIFF LAKE, NJ US",2007-12-17,,,,
USC00289832,"WOODCLIFF LAKE, NJ US",2007-12-18,,,,
USC00289832,"WOODCLIFF LAKE, NJ US",2007-12-19,,,,
USC00289832,"WOODCLIFF LAKE, NJ US",2007-12-20,,,,
USC00289832,"WOODCLIFF LAKE, NJ US",2007-12-21,,,,
USC00289832,"WOODCLIFF LAKE, NJ US",2007-12-22,,,,
USC00289832,"WOODCLIFF LAKE, NJ US",2007-12-23,,,,
USC00289832,"WOODCLIFF LAKE, NJ US",2007-12-24,,,,
USC00289832,"WOODCLIFF LAKE, NJ US",2007-12-25,,,,
USC00289832,"WOODCLIFF LAKE, NJ US",2007-12-26,,,,
USC00289832,"WOODCLIFF LAKE, NJ US",2007-12-27,,,,
USC00289832,"WOODCLIFF LAKE, NJ US",2007-12-28,,,,
USC00289832,"WOODCLIFF LAKE, NJ US",2007-12-29,,,,
USC00289832,"WOODCLIFF LAKE, NJ US",2007-12-30,,,,
USC00289832,"WOODCLIFF LAKE, NJ US",2007-12-31,,,,
USC00286146,"NEW MILFORD, NJ US",2007-12-01,,,,
USC00286146,"NEW MILFORD, NJ US",2007-12-02,,,,
USC00286146,"NEW MILFORD, NJ US",2007-12-03,,,,
USC00286146,"NEW MILFORD, NJ US",2007-12-04,,,,
USC00286146,"NEW MILFORD, NJ US",2007-12-05,,,,
USC00286146,"NEW MILFORD, NJ US",2007-12-06,,,,
USC00286146,"NEW MILFORD, NJ US",2007-12-07,,,,
USC00286146,"NEW MILFORD, NJ US",2007-12-08,,,,
USC00286146,"NEW MILFORD, NJ US",2007-12-09,,,,
USC00286146,"NEW MILFORD, NJ US",2007-12-10,,,,
USC00286146,"NEW MILFORD, NJ US",2007-12-11,,,,
USC00286146,"NEW MILFORD, NJ US",2007-12-12,,,,
USC00286146,"NEW MILFORD, NJ US",2007-12-13,,,,
USC00286146,"NEW MILFORD, NJ US",2007-12-14,,,,
USC00286146,"NEW MILFORD, NJ US",2007-12-15,,,,
USC00286146,"NEW MILFORD, NJ US",2007-12-16,,,,
USC00286146,"NEW MILFORD, NJ US",2007-12-17,,,,
USC00286146,"NEW MILFORD, NJ US",2007-12-18,,,,
USC00286146,"NEW MILFORD, NJ US",2007-12-19,,,,
USC00286146,"NEW MILFORD, NJ US",2007-12-20,,,,
USC00286146,"NEW MILFORD, NJ US",2007-12-21,,,,
USC00286146,"NEW MILFORD, NJ US",2007-12-22,,,,
USC00286146,"NEW MILFORD, NJ US",2007-12-23,,,,
USC00286146,"NEW MILFORD, NJ US",2007-12-24,,,,
USC00286146,"NEW MILFORD, NJ US",2007-12-25,,,,
USC00286146,"NEW MILFORD, NJ US",2007-12-26,,,,
USC00286146,"NEW MILFORD, NJ US",2007-12-27,,,,
USC00286146,"NEW MILFORD, NJ US",2007-12-28,,,,
USC00286146,"NEW MILFORD, NJ US",2007-12-29,,,,
USC00286146,"NEW MILFORD, NJ US",2007-12-30,,,,
USC00286146,"NEW MILFORD, NJ US",2007-12-31,,,,
USC00306138,"OCEANSIDE, NY US",2007-12-01,,43,34,34
USC00306138,"OCEANSIDE, NY US",2007-12-02,,36,21,21
USC00306138,"OCEANSIDE, NY US",2007-12-03,,49,20,45
USC00306138,"OCEANSIDE, NY US",2007-12-04,,50,31,31
USC00306138,"OCEANSIDE, NY US",2007-12-05,,35,27,27
USC00306138,"OCEANSIDE, NY US",2007-12-06,,33,21,21
USC00306138,"OCEANSIDE, NY US",2007-12-07,,34,21,25
USC00306138,"OCEANSIDE, NY US",2007-12-08,,34,24,35
USC00306138,"OCEANSIDE, NY US",2007-12-09,,45,31,35
USC00306138,"OCEANSIDE, NY US",2007-12-10,,40,35,40
USC00306138,"OCEANSIDE, NY US",2007-12-11,,41,36,36
USC00306138,"OCEANSIDE, NY US",2007-12-12,,50,33,49
USC00306138,"OCEANSIDE, NY US",2007-12-13,,51,31,33
USC00306138,"OCEANSIDE, NY US",2007-12-14,,35,29,30
USC00306138,"OCEANSIDE, NY US",2007-12-15,,44,29,30
USC00306138,"OCEANSIDE, NY US",2007-12-16,,37,29,33
USC00306138,"OCEANSIDE, NY US",2007-12-17,,40,26,27
USC00306138,"OCEANSIDE, NY US",2007-12-18,,35,27,27
USC00306138,"OCEANSIDE, NY US",2007-12-19,,38,26,32
USC00306138,"OCEANSIDE, NY US",2007-12-20,,44,29,41
USC00306138,"OCEANSIDE, NY US",2007-12-21,,45,32,35
USC00306138,"OCEANSIDE, NY US",2007-12-22,,43,33,35
USC00306138,"OCEANSIDE, NY US",2007-12-23,,46,34,46
USC00306138,"OCEANSIDE, NY US",2007-12-24,,54,38,38
USC00306138,"OCEANSIDE, NY US",2007-12-25,,48,34,35
USC00306138,"OCEANSIDE, NY US",2007-12-26,,46,27,28
USC00306138,"OCEANSIDE, NY US",2007-12-27,,38,28,37
USC00306138,"OCEANSIDE, NY US",2007-12-28,,41,36,36
USC00306138,"OCEANSIDE, NY US",2007-12-29,,51,35,51
USC00306138,"OCEANSIDE, NY US",2007-12-30,,52,30,30
USC00306138,"OCEANSIDE, NY US",2007-12-31,,41,30,35
USC00283704,"HARRISON, NJ US",2007-12-01,,37,27,32
USC00283704,"HARRISON, NJ US",2007-12-02,,32,19,25
USC00283704,"HARRISON, NJ US",2007-12-03,,48,32,40
USC00283704,"HARRISON, NJ US",2007-12-04,,34,28,31
USC00283704,"HARRISON, NJ US",2007-12-05,,34,27,30
USC00283704,"HARRISON, NJ US",2007-12-06,,33,21,27
USC00283704,"HARRISON, NJ US",2007-12-07,,34,25,29
USC00283704,"HARRISON, NJ US",2007-12-08,,45,33,39
USC00283704,"HARRISON, NJ US",2007-12-09,,39,34,37
USC00283704,"HARRISON, NJ US",2007-12-10,,40,35,37
USC00283704,"HARRISON, NJ US",2007-12-11,,41,35,38
USC00283704,"HARRISON, NJ US",2007-12-12,,52,34,43
USC00283704,"HARRISON, NJ US",2007-12-13,,36,30,33
USC00283704,"HARRISON, NJ US",2007-12-14,,42,30,36
USC00283704,"HARRISON, NJ US",2007-12-15,,36,33,34
USC00283704,"HARRISON, NJ US",2007-12-16,,37,31,34
USC00283704,"HARRISON, NJ US",2007-12-17,,33,26,29
USC00283704,"HARRISON, NJ US",2007-12-18,,37,28,32
USC00283704,"HARRISON, NJ US",2007-12-19,,44,31,37
USC00283704,"HARRISON, NJ US",2007-12-20,,45,34,39
USC00283704,"HARRISON, NJ US",2007-12-21,,39,35,37
USC00283704,"HARRISON, NJ US",2007-12-22,,40,34,37
USC00283704,"HARRISON, NJ US",2007-12-23,,62,39,50
USC00283704,"HARRISON, NJ US",2007-12-24,,50,37,43
USC00283704,"HARRISON, NJ US",2007-12-25,,45,33,39
USC00283704,"HARRISON, NJ US",2007-12-26,,38,30,34
USC00283704,"HARRISON, NJ US",2007-12-27,,40,35,36
USC00283704,"HARRISON, NJ US",2007-12-28,,50,37,43
USC00283704,"HARRISON, NJ US",2007-12-29,,51,43,47
USC00283704,"HARRISON, NJ US",2007-12-30,,41,33,37
USC00283704,"HARRISON, NJ US",2007-12-31,,44,33,38
USW00094728,"NY CITY CENTRAL PARK, NY US",2007-12-01,,38,25,
USW00094728,"NY CITY CENTRAL PARK, NY US",2007-12-02,,36,20,
USW00094728,"NY CITY CENTRAL PARK, NY US",2007-12-03,,47,32,
USW00094728,"NY CITY CENTRAL PARK, NY US",2007-12-04,,34,28,
USW00094728,"NY CITY CENTRAL PARK, NY US",2007-12-05,,33,28,
USW00094728,"NY CITY CENTRAL PARK, NY US",2007-12-06,,33,21,
USW00094728,"NY CITY CENTRAL PARK, NY US",2007-12-07,,35,28,
USW00094728,"NY CITY CENTRAL PARK, NY US",2007-12-08,,44,34,
USW00094728,"NY CITY CENTRAL PARK, NY US",2007-12-09,,40,34,
USW00094728,"NY CITY CENTRAL PARK, NY US",2007-12-10,,40,37,
USW00094728,"NY CITY CENTRAL PARK, NY US",2007-12-11,,45,35,
USW00094728,"NY CITY CENTRAL PARK, NY US",2007-12-12,,52,34,
USW00094728,"NY CITY CENTRAL PARK, NY US",2007-12-13,,36,29,
USW00094728,"NY CITY CENTRAL PARK, NY US",2007-12-14,,42,31,
USW00094728,"NY CITY CENTRAL PARK, NY US",2007-12-15,,36,29,
USW00094728,"NY CITY CENTRAL PARK, NY US",2007-12-16,,38,29,
USW00094728,"NY CITY CENTRAL PARK, NY US",2007-12-17,,33,26,
USW00094728,"NY CITY CENTRAL PARK, NY US",2007-12-18,,37,29,
USW00094728,"NY CITY CENTRAL PARK, NY US",2007-12-19,,43,34,
USW00094728,"NY CITY CENTRAL PARK, NY US",2007-12-20,,44,35,
USW00094728,"NY CITY CENTRAL PARK, NY US",2007-12-21,,39,36,
USW00094728,"NY CITY CENTRAL PARK, NY US",2007-12-22,,41,35,
USW00094728,"NY CITY CENTRAL PARK, NY US",2007-12-23,,61,41,
USW00094728,"NY CITY CENTRAL PARK, NY US",2007-12-24,,50,37,
USW00094728,"NY CITY CENTRAL PARK, NY US",2007-12-25,,43,35,
USW00094728,"NY CITY CENTRAL PARK, NY US",2007-12-26,,39,32,
USW00094728,"NY CITY CENTRAL PARK, NY US",2007-12-27,,43,36,
USW00094728,"NY CITY CENTRAL PARK, NY US",2007-12-28,,49,40,
USW00094728,"NY CITY CENTRAL PARK, NY US",2007-12-29,,51,42,
USW00094728,"NY CITY CENTRAL PARK, NY US",2007-12-30,,43,35,
USW00094728,"NY CITY CENTRAL PARK, NY US",2007-12-31,,44,35,
US1NYRL0001,"CHESTNUT RIDGE 0.3 SSW, NY US",2007-12-13,,,,
US1NYRL0001,"CHESTNUT RIDGE 0.3 SSW, NY US",2007-12-14,,,,
US1NYRL0001,"CHESTNUT RIDGE 0.3 SSW, NY US",2007-12-17,,,,
US1NYRL0001,"CHESTNUT RIDGE 0.3 SSW, NY US",2007-12-19,,,,
US1NYRL0001,"CHESTNUT RIDGE 0.3 SSW, NY US",2007-12-20,,,,
US1NYRL0001,"CHESTNUT RIDGE 0.3 SSW, NY US",2007-12-21,,,,
US1NYRL0001,"CHESTNUT RIDGE 0.3 SSW, NY US",2007-12-28,,,,
USC00302129,"DOBBS FERRY ARDSLEY, NY US",2007-12-01,,38,29,30
USC00302129,"DOBBS FERRY ARDSLEY, NY US",2007-12-02,,30,19,28
USC00302129,"DOBBS FERRY ARDSLEY, NY US",2007-12-03,,48,27,39
USC00302129,"DOBBS FERRY ARDSLEY, NY US",2007-12-04,,39,26,30
USC00302129,"DOBBS FERRY ARDSLEY, NY US",2007-12-05,,33,21,30
USC00302129,"DOBBS FERRY ARDSLEY, NY US",2007-12-06,,33,19,24
USC00302129,"DOBBS FERRY ARDSLEY, NY US",2007-12-07,,34,18,30
USC00302129,"DOBBS FERRY ARDSLEY, NY US",2007-12-08,,43,30,33
USC00302129,"DOBBS FERRY ARDSLEY, NY US",2007-12-09,,37,26,36
USC00302129,"DOBBS FERRY ARDSLEY, NY US",2007-12-10,,39,34,39
USC00302129,"DOBBS FERRY ARDSLEY, NY US",2007-12-11,,42,24,38
USC00302129,"DOBBS FERRY ARDSLEY, NY US",2007-12-12,,50,37,39
USC00302129,"DOBBS FERRY ARDSLEY, NY US",2007-12-13,,39,28,30
USC00302129,"DOBBS FERRY ARDSLEY, NY US",2007-12-14,,45,29,39
USC00302129,"DOBBS FERRY ARDSLEY, NY US",2007-12-15,,39,26,28
USC00302129,"DOBBS FERRY ARDSLEY, NY US",2007-12-16,,35,24,35
USC00302129,"DOBBS FERRY ARDSLEY, NY US",2007-12-17,,36,23,30
USC00302129,"DOBBS FERRY ARDSLEY, NY US",2007-12-18,,39,19,34
USC00302129,"DOBBS FERRY ARDSLEY, NY US",2007-12-19,,44,25,37
USC00302129,"DOBBS FERRY ARDSLEY, NY US",2007-12-20,,45,32,35
USC00302129,"DOBBS FERRY ARDSLEY, NY US",2007-12-21,,38,29,36
USC00302129,"DOBBS FERRY ARDSLEY, NY US",2007-12-22,,38,31,37
USC00302129,"DOBBS FERRY ARDSLEY, NY US",2007-12-23,,56,36,55
USC00302129,"DOBBS FERRY ARDSLEY, NY US",2007-12-24,,58,35,41
USC00302129,"DOBBS FERRY ARDSLEY, NY US",2007-12-25,,44,29,32
USC00302129,"DOBBS FERRY ARDSLEY, NY US",2007-12-26,,38,25,36
USC00302129,"DOBBS FERRY ARDSLEY, NY US",2007-12-27,,39,35,39
USC00302129,"DOBBS FERRY ARDSLEY, NY US",2007-12-28,,48,32,39
USC00302129,"DOBBS FERRY ARDSLEY, NY US",2007-12-29,,52,34,35
USC00302129,"DOBBS FERRY ARDSLEY, NY US",2007-12-30,,40,27,36
USC00302129,"DOBBS FERRY ARDSLEY, NY US",2007-12-31,,45,33,36
USW00094741,"TETERBORO AIRPORT, NJ US",2007-12-01,,37,24,
USW00094741,"TETERBORO AIRPORT, NJ US",2007-12-02,,32,20,
USW00094741,"TETERBORO AIRPORT, NJ US",2007-12-03,,48,32,
USW00094741,"TETERBORO AIRPORT, NJ US",2007-12-04,,34,28,
USW00094741,"TETERBORO AIRPORT, NJ US",2007-12-05,,36,23,
USW00094741,"TETERBORO AIRPORT, NJ US",2007-12-06,,34,20,
USW00094741,"TETERBORO AIRPORT, NJ US",2007-12-07,,36,22,
USW00094741,"TETERBORO AIRPORT, NJ US",2007-12-08,,44,32,
USW00094741,"TETERBORO AIRPORT, NJ US",2007-12-09,,38,29,
USW00094741,"TETERBORO AIRPORT, NJ US",2007-12-10,,40,34,
USW00094741,"TETERBORO AIRPORT, NJ US",2007-12-11,,45,36,
USW00094741,"TETERBORO AIRPORT, NJ US",2007-12-12,,52,31,
USW00094741,"TETERBORO AIRPORT, NJ US",2007-12-13,,36,29,
USW00094741,"TETERBORO AIRPORT, NJ US",2007-12-14,,44,30,
USW00094741,"TETERBORO AIRPORT, NJ US",2007-12-15,,36,27,
USW00094741,"TETERBORO AIRPORT, NJ US",2007-12-16,,37,25,
USW00094741,"TETERBORO AIRPORT, NJ US",2007-12-17,,33,25,
USW00094741,"TETERBORO AIRPORT, NJ US",2007-12-18,,38,30,
USW00094741,"TETERBORO AIRPORT, NJ US",2007-12-19,,48,28,
USW00094741,"TETERBORO AIRPORT, NJ US",2007-12-20,,43,30,
USW00094741,"TETERBORO AIRPORT, NJ US",2007-12-21,,39,35,
USW00094741,"TETERBORO AIRPORT, NJ US",2007-12-22,,39,34,
USW00094741,"TETERBORO AIRPORT, NJ US",2007-12-23,,60,38,
USW00094741,"TETERBORO AIRPORT, NJ US",2007-12-24,,49,37,
USW00094741,"TETERBORO AIRPORT, NJ US",2007-12-25,,44,30,
USW00094741,"TETERBORO AIRPORT, NJ US",2007-12-26,,38,26,
USW00094741,"TETERBORO AIRPORT, NJ US",2007-12-27,,42,36,
USW00094741,"TETERBORO AIRPORT, NJ US",2007-12-28,,49,35,
USW00094741,"TETERBORO AIRPORT, NJ US",2007-12-29,,52,39,
USW00094741,"TETERBORO AIRPORT, NJ US",2007-12-30,,42,28,
USW00094741,"TETERBORO AIRPORT, NJ US",2007-12-31,,44,29,
USC00300961,"BRONX, NY US",2007-12-01,,39,24,24
USC00300961,"BRONX, NY US",2007-12-02,,37,19,37
USC00300961,"BRONX, NY US",2007-12-03,,49,31,34
USC00300961,"BRONX, NY US",2007-12-04,,35,28,29
USC00300961,"BRONX, NY US",2007-12-05,,33,28,28
USC00300961,"BRONX, NY US",2007-12-06,,34,22,29
USC00300961,"BRONX, NY US",2007-12-07,,36,28,35
USC00300961,"BRONX, NY US",2007-12-08,,44,35,36
USC00300961,"BRONX, NY US",2007-12-09,,39,35,37
USC00300961,"BRONX, NY US",2007-12-10,,40,36,37
USC00300961,"BRONX, NY US",2007-12-11,,46,35,46
USC00300961,"BRONX, NY US",2007-12-12,,53,35,35
USC00300961,"BRONX, NY US",2007-12-13,,36,29,30
USC00300961,"BRONX, NY US",2007-12-14,,44,30,36
USC00300961,"BRONX, NY US",2007-12-15,,36,29,31
USC00300961,"BRONX, NY US",2007-12-16,,38,28,32
USC00300961,"BRONX, NY US",2007-12-17,,33,25,30
USC00300961,"BRONX, NY US",2007-12-18,,39,29,35
USC00300961,"BRONX, NY US",2007-12-19,,44,34,36
USC00300961,"BRONX, NY US",2007-12-20,,44,35,37
USC00300961,"BRONX, NY US",2007-12-21,,39,35,37
USC00300961,"BRONX, NY US",2007-12-22,,41,34,41
USC00300961,"BRONX, NY US",2007-12-23,,60,40,51
USC00300961,"BRONX, NY US",2007-12-24,,51,38,40
USC00300961,"BRONX, NY US",2007-12-25,,45,35,35
USC00300961,"BRONX, NY US",2007-12-26,,39,32,36
USC00300961,"BRONX, NY US",2007-12-27,,43,36,43
USC00300961,"BRONX, NY US",2007-12-28,,51,40,44
USC00300961,"BRONX, NY US",2007-12-29,,52,42,42
USC00300961,"BRONX, NY US",2007-12-30,,42,36,39
USC00300961,"BRONX, NY US",2007-12-31,,45,35,36
USW00094745,"WESTCHESTER CO AIRPORT, NY US",2007-12-01,,37,20,
USW00094745,"WESTCHESTER CO AIRPORT, NY US",2007-12-02,,35,17,
USW00094745,"WESTCHESTER CO AIRPORT, NY US",2007-12-03,,47,31,
USW00094745,"WESTCHESTER CO AIRPORT, NY US",2007-12-04,,32,26,
USW00094745,"WESTCHESTER CO AIRPORT, NY US",2007-12-05,,31,24,
USW00094745,"WESTCHESTER CO AIRPORT, NY US",2007-12-06,,32,17,
USW00094745,"WESTCHESTER CO AIRPORT, NY US",2007-12-07,,33,19,
USW00094745,"WESTCHESTER CO AIRPORT, NY US",2007-12-08,,43,29,
USW00094745,"WESTCHESTER CO AIRPORT, NY US",2007-12-09,,36,27,
USW00094745,"WESTCHESTER CO AIRPORT, NY US",2007-12-10,,37,33,
USW00094745,"WESTCHESTER CO AIRPORT, NY US",2007-12-11,,43,28,
USW00094745,"WESTCHESTER CO AIRPORT, NY US",2007-12-12,,50,30,
USW00094745,"WESTCHESTER CO AIRPORT, NY US",2007-12-13,,31,27,
USW00094745,"WESTCHESTER CO AIRPORT, NY US",2007-12-14,,43,27,
USW00094745,"WESTCHESTER CO AIRPORT, NY US",2007-12-15,,33,24,
USW00094745,"WESTCHESTER CO AIRPORT, NY US",2007-12-16,,35,23,
USW00094745,"WESTCHESTER CO AIRPORT, NY US",2007-12-17,,30,22,
USW00094745,"WESTCHESTER CO AIRPORT, NY US",2007-12-18,,35,20,
USW00094745,"WESTCHESTER CO AIRPORT, NY US",2007-12-19,,40,25,
USW00094745,"WESTCHESTER CO AIRPORT, NY US",2007-12-20,,42,32,
USW00094745,"WESTCHESTER CO AIRPORT, NY US",2007-12-21,,36,32,
USW00094745,"WESTCHESTER CO AIRPORT, NY US",2007-12-22,,37,32,
USW00094745,"WESTCHESTER CO AIRPORT, NY US",2007-12-23,,57,37,
USW00094745,"WESTCHESTER CO AIRPORT, NY US",2007-12-24,,48,35,
USW00094745,"WESTCHESTER CO AIRPORT, NY US",2007-12-25,,42,27,
USW00094745,"WESTCHESTER CO AIRPORT, NY US",2007-12-26,,38,24,
USW00094745,"WESTCHESTER CO AIRPORT, NY US",2007-12-27,,38,34,
USW00094745,"WESTCHESTER CO AIRPORT, NY US",2007-12-28,,48,34,
USW00094745,"WESTCHESTER CO AIRPORT, NY US",2007-12-29,,50,37,
USW00094745,"WESTCHESTER CO AIRPORT, NY US",2007-12-30,,39,28,
USW00094745,"WESTCHESTER CO AIRPORT, NY US",2007-12-31,,43,28,
USW00094789,"JFK INTERNATIONAL AIRPORT, NY US",2007-12-01,,39,25,
USW00094789,"JFK INTERNATIONAL AIRPORT, NY US",2007-12-02,,47,20,
USW00094789,"JFK INTERNATIONAL AIRPORT, NY US",2007-12-03,,50,33,
USW00094789,"JFK INTERNATIONAL AIRPORT, NY US",2007-12-04,,36,29,
USW00094789,"JFK INTERNATIONAL AIRPORT, NY US",2007-12-05,,33,28,
USW00094789,"JFK INTERNATIONAL AIRPORT, NY US",2007-12-06,,35,21,
USW00094789,"JFK INTERNATIONAL AIRPORT, NY US",2007-12-07,,35,24,
USW00094789,"JFK INTERNATIONAL AIRPORT, NY US",2007-12-08,,46,34,
USW00094789,"JFK INTERNATIONAL AIRPORT, NY US",2007-12-09,,40,34,
USW00094789,"JFK INTERNATIONAL AIRPORT, NY US",2007-12-10,,41,37,
USW00094789,"JFK INTERNATIONAL AIRPORT, NY US",2007-12-11,,45,34,
USW00094789,"JFK INTERNATIONAL AIRPORT, NY US",2007-12-12,,54,34,
USW00094789,"JFK INTERNATIONAL AIRPORT, NY US",2007-12-13,,36,30,
USW00094789,"JFK INTERNATIONAL AIRPORT, NY US",2007-12-14,,44,31,
USW00094789,"JFK INTERNATIONAL AIRPORT, NY US",2007-12-15,,36,30,
USW00094789,"JFK INTERNATIONAL AIRPORT, NY US",2007-12-16,,40,31,
USW00094789,"JFK INTERNATIONAL AIRPORT, NY US",2007-12-17,,34,26,
USW00094789,"JFK INTERNATIONAL AIRPORT, NY US",2007-12-18,,37,29,
USW00094789,"JFK INTERNATIONAL AIRPORT, NY US",2007-12-19,,45,30,
USW00094789,"JFK INTERNATIONAL AIRPORT, NY US",2007-12-20,,46,36,
USW00094789,"JFK INTERNATIONAL AIRPORT, NY US",2007-12-21,,43,34,
USW00094789,"JFK INTERNATIONAL AIRPORT, NY US",2007-12-22,,44,35,
USW00094789,"JFK INTERNATIONAL AIRPORT, NY US",2007-12-23,,55,41,
USW00094789,"JFK INTERNATIONAL AIRPORT, NY US",2007-12-24,,51,36,
USW00094789,"JFK INTERNATIONAL AIRPORT, NY US",2007-12-25,,45,33,
USW00094789,"JFK INTERNATIONAL AIRPORT, NY US",2007-12-26,,38,28,
USW00094789,"JFK INTERNATIONAL AIRPORT, NY US",2007-12-27,,42,37,
USW00094789,"JFK INTERNATIONAL AIRPORT, NY US",2007-12-28,,50,35,
USW00094789,"JFK INTERNATIONAL AIRPORT, NY US",2007-12-29,,52,42,
USW00094789,"JFK INTERNATIONAL AIRPORT, NY US",2007-12-30,,42,35,
USW00094789,"JFK INTERNATIONAL AIRPORT, NY US",2007-12-31,,45,32,
USC00305377,"MINEOLA, NY US",2007-12-01,,39,26,
USC00305377,"MINEOLA, NY US",2007-12-02,,45,24,
USC00305377,"MINEOLA, NY US",2007-12-03,,51,34,
USC00305377,"MINEOLA, NY US",2007-12-04,,37,30,
USC00305377,"MINEOLA, NY US",2007-12-05,,36,28,
USC00305377,"MINEOLA, NY US",2007-12-06,,37,23,
USC00305377,"MINEOLA, NY US",2007-12-07,,36,23,
USC00305377,"MINEOLA, NY US",2007-12-08,,47,32,
USC00305377,"MINEOLA, NY US",2007-12-09,,40,32,
USC00305377,"MINEOLA, NY US",2007-12-10,,41,37,
USC00305377,"MINEOLA, NY US",2007-12-11,,46,33,
USC00305377,"MINEOLA, NY US",2007-12-12,,52,32,
USC00305377,"MINEOLA, NY US",2007-12-13,,37,32,
USC00305377,"MINEOLA, NY US",2007-12-14,,45,31,
USC00305377,"MINEOLA, NY US",2007-12-15,,36,31,
USC00305377,"MINEOLA, NY US",2007-12-16,,39,32,
USC00305377,"MINEOLA, NY US",2007-12-17,,37,28,
USC00305377,"MINEOLA, NY US",2007-12-18,,41,26,
USC00305377,"MINEOLA, NY US",2007-12-19,,45,30,
USC00305377,"MINEOLA, NY US",2007-12-20,,47,35,
USC00305377,"MINEOLA, NY US",2007-12-21,,43,35,
USC00305377,"MINEOLA, NY US",2007-12-22,,43,36,
USC00305377,"MINEOLA, NY US",2007-12-23,,56,42,
USC00305377,"MINEOLA, NY US",2007-12-24,,52,38,
USC00305377,"MINEOLA, NY US",2007-12-25,,47,31,
USC00305377,"MINEOLA, NY US",2007-12-26,,39,29,
USC00305377,"MINEOLA, NY US",2007-12-27,,41,38,
USC00305377,"MINEOLA, NY US",2007-12-28,,52,35,
USC00305377,"MINEOLA, NY US",2007-12-29,,52,37,
USC00305377,"MINEOLA, NY US",2007-12-30,,42,33,
USC00305377,"MINEOLA, NY US",2007-12-31,,47,31,
USW00054743,"CALDWELL ESSEX CO AIRPORT, NJ US",2007-12-01,,35,24,
USW00054743,"CALDWELL ESSEX CO AIRPORT, NJ US",2007-12-02,,31,19,
USW00054743,"CALDWELL ESSEX CO AIRPORT, NJ US",2007-12-03,,46,31,
USW00054743,"CALDWELL ESSEX CO AIRPORT, NJ US",2007-12-04,,33,26,
USW00054743,"CALDWELL ESSEX CO AIRPORT, NJ US",2007-12-05,,32,20,
USW00054743,"CALDWELL ESSEX CO AIRPORT, NJ US",2007-12-06,,34,19,
USW00054743,"CALDWELL ESSEX CO AIRPORT, NJ US",2007-12-07,,31,17,
USW00054743,"CALDWELL ESSEX CO AIRPORT, NJ US",2007-12-08,,44,25,
USW00054743,"CALDWELL ESSEX CO AIRPORT, NJ US",2007-12-09,,36,25,
USW00054743,"CALDWELL ESSEX CO AIRPORT, NJ US",2007-12-10,,40,33,
USW00054743,"CALDWELL ESSEX CO AIRPORT, NJ US",2007-12-11,,42,30,
USW00054743,"CALDWELL ESSEX CO AIRPORT, NJ US",2007-12-12,,51,29,
USW00054743,"CALDWELL ESSEX CO AIRPORT, NJ US",2007-12-13,,34,28,
USW00054743,"CALDWELL ESSEX CO AIRPORT, NJ US",2007-12-14,,41,29,
USW00054743,"CALDWELL ESSEX CO AIRPORT, NJ US",2007-12-15,,34,27,
USW00054743,"CALDWELL ESSEX CO AIRPORT, NJ US",2007-12-16,,36,23,
USW00054743,"CALDWELL ESSEX CO AIRPORT, NJ US",2007-12-17,,32,24,
USW00054743,"CALDWELL ESSEX CO AIRPORT, NJ US",2007-12-18,,36,25,
USW00054743,"CALDWELL ESSEX CO AIRPORT, NJ US",2007-12-19,,42,26,
USW00054743,"CALDWELL ESSEX CO AIRPORT, NJ US",2007-12-20,,44,31,
USW00054743,"CALDWELL ESSEX CO AIRPORT, NJ US",2007-12-21,,37,30,
USW00054743,"CALDWELL ESSEX CO AIRPORT, NJ US",2007-12-22,,37,33,
USW00054743,"CALDWELL ESSEX CO AIRPORT, NJ US",2007-12-23,,62,37,
USW00054743,"CALDWELL ESSEX CO AIRPORT, NJ US",2007-12-24,,47,34,
USW00054743,"CALDWELL ESSEX CO AIRPORT, NJ US",2007-12-25,,43,26,
USW00054743,"CALDWELL ESSEX CO AIRPORT, NJ US",2007-12-26,,37,23,
USW00054743,"CALDWELL ESSEX CO AIRPORT, NJ US",2007-12-27,,40,35,
USW00054743,"CALDWELL ESSEX CO AIRPORT, NJ US",2007-12-28,,48,30,
USW00054743,"CALDWELL ESSEX CO AIRPORT, NJ US",2007-12-29,,51,31,
USW00054743,"CALDWELL ESSEX CO AIRPORT, NJ US",2007-12-30,,40,26,
USW00054743,"CALDWELL ESSEX CO AIRPORT, NJ US",2007-12-31,,43,26,
USW00054787,"FARMINGDALE REPUBLIC AIRPORT, NY US",2007-12-01,,38,24,
USW00054787,"FARMINGDALE REPUBLIC AIRPORT, NY US",2007-12-02,,45,20,
USW00054787,"FARMINGDALE REPUBLIC AIRPORT, NY US",2007-12-03,,50,32,
USW00054787,"FARMINGDALE REPUBLIC AIRPORT, NY US",2007-12-04,,34,28,
USW00054787,"FARMINGDALE REPUBLIC AIRPORT, NY US",2007-12-05,,33,26,
USW00054787,"FARMINGDALE REPUBLIC AIRPORT, NY US",2007-12-06,,33,21,
USW00054787,"FARMINGDALE REPUBLIC AIRPORT, NY US",2007-12-07,,36,19,
USW00054787,"FARMINGDALE REPUBLIC AIRPORT, NY US",2007-12-08,,44,33,
USW00054787,"FARMINGDALE REPUBLIC AIRPORT, NY US",2007-12-09,,39,32,
USW00054787,"FARMINGDALE REPUBLIC AIRPORT, NY US",2007-12-10,,41,36,
USW00054787,"FARMINGDALE REPUBLIC AIRPORT, NY US",2007-12-11,,47,33,
USW00054787,"FARMINGDALE REPUBLIC AIRPORT, NY US",2007-12-12,,53,36,
USW00054787,"FARMINGDALE REPUBLIC AIRPORT, NY US",2007-12-13,,53,29,
USW00054787,"FARMINGDALE REPUBLIC AIRPORT, NY US",2007-12-14,,44,30,
USW00054787,"FARMINGDALE REPUBLIC AIRPORT, NY US",2007-12-15,,35,28,
USW00054787,"FARMINGDALE REPUBLIC AIRPORT, NY US",2007-12-16,,39,30,
USW00054787,"FARMINGDALE REPUBLIC AIRPORT, NY US",2007-12-17,,33,24,
USW00054787,"FARMINGDALE REPUBLIC AIRPORT, NY US",2007-12-18,,38,25,
USW00054787,"FARMINGDALE REPUBLIC AIRPORT, NY US",2007-12-19,,44,27,
USW00054787,"FARMINGDALE REPUBLIC AIRPORT, NY US",2007-12-20,,45,33,
USW00054787,"FARMINGDALE REPUBLIC AIRPORT, NY US",2007-12-21,,42,32,
USW00054787,"FARMINGDALE REPUBLIC AIRPORT, NY US",2007-12-22,,42,33,
USW00054787,"FARMINGDALE REPUBLIC AIRPORT, NY US",2007-12-23,,56,40,
USW00054787,"FARMINGDALE REPUBLIC AIRPORT, NY US",2007-12-24,,53,37,
USW00054787,"FARMINGDALE REPUBLIC AIRPORT, NY US",2007-12-25,,44,29,
USW00054787,"FARMINGDALE REPUBLIC AIRPORT, NY US",2007-12-26,,38,26,
USW00054787,"FARMINGDALE REPUBLIC AIRPORT, NY US",2007-12-27,,40,36,
USW00054787,"FARMINGDALE REPUBLIC AIRPORT, NY US",2007-12-28,,49,34,
USW00054787,"FARMINGDALE REPUBLIC AIRPORT, NY US",2007-12-29,,52,39,
USW00054787,"FARMINGDALE REPUBLIC AIRPORT, NY US",2007-12-30,,41,28,
USW00054787,"FARMINGDALE REPUBLIC AIRPORT, NY US",2007-12-31,,45,28,
